bmw,audi
bmw,acura
bmw,subaru
bmw,volkswagen
bmw,toyota
bmw,seat
bmw,cadillac
bmw,infiniti
bmw,chevrolet
audi,acura
audi,subaru
audi,volkswagen
audi,toyota
audi,seat
audi,cadillac
audi,infiniti
audi,chevrolet
acura,subaru
acura,volkswagen
acura,toyota
acura,seat
acura,cadillac
acura,infiniti
acura,chevrolet
subaru,volkswagen
subaru,toyota
subaru,seat
subaru,cadillac
subaru,infiniti
subaru,chevrolet
volkswagen,toyota
volkswagen,seat
volkswagen,cadillac
volkswagen,infiniti
volkswagen,chevrolet
toyota,seat
toyota,cadillac
toyota,infiniti
toyota,chevrolet
seat,cadillac
seat,infiniti
seat,chevrolet
cadillac,infiniti
cadillac,chevrolet
infiniti,chevrolet
